<?xml version="1.0" encoding="UTF-8"?>
<Najpopularnije>
    <Mis>
        <Broj>1</Broj>
        <Ime> Logitech MX Master 3 </Ime>
        <Cijena> 799 kn </Cijena>
        <Dostupnost>DA</Dostupnost>
    </Mis>
    <Mis>
        <Broj>2</Broj>
        <Ime> Razer Pro CLick </Ime>
        <Cijena> 759 kn </Cijena>
        <Dostupnost>DA</Dostupnost>
    </Mis>
    <Mis>
        <Broj>3</Broj>
        <Ime> Microsoft Modern Mobile Mouse </Ime>
        <Cijena> 201 kn </Cijena>
        <Dostupnost>NE</Dostupnost>
    </Mis>
    <Mis>
        <Broj>4</Broj>
        <Ime> Logitech MX Anywhere 3 </Ime>
        <Cijena> 599 kn </Cijena>
        <Dostupnost>DA</Dostupnost>
    </Mis>
    <Mis>
        <Broj>5</Broj>
        <Ime> Microsoft Bluetooth Ergonomic Mouse</Ime>
        <Cijena> 335 kn </Cijena>
        <Dostupnost>NE</Dostupnost>
    </Mis>
    
</Najpopularnije>
